1,7. What Color Is It?,색깔을 묻고 답하는 말을 듣고 이해하며 말하기,1,4,72~73,,,,,"[4영01-06] 자기 주변 주제에 관한 담화의 주요 정보를 파악한다. [4영01-07] 적절한 전략을 활용하여 담화나 문장을 듣거나 읽는다. [4영01-08] 다양한 매체로 표현된 담화나 문장을 흥미를 가지고 듣거나 읽는다. [4영01-09] 시, 노래, 이야기를 공감하며 듣는다. [4영01-10] 자기 주변 주제나 문화에 관한 담화나 문장을 존중의 태도로 듣거나 읽는다. [4영02-01] 쉽고 간단한 단어, 어구, 문장을 강세, 리듬, 억양에 맞게 따라 말한다. [4영02-08] 자기 주변 주제에 관한 담화의 주요 정보를 묻거나 답한다. [4영02-09] 적절한 매체나 전략을 활용하여 창의적으로 의미를 표현한다. [4영02-10] 의사소통 활동에 흥미와 자신감을 가지고 대화 예절을 지키며 참여한다."
2,7. What Color Is It?,색깔을 묻고 답하는 말하기,2,4,74~75,,,,,"[4영01-06] 자기 주변 주제에 관한 담화의 주요 정보를 파악한다. [4영01-07] 적절한 전략을 활용하여 담화나 문장을 듣거나 읽는다. [4영01-08] 다양한 매체로 표현된 담화나 문장을 흥미를 가지고 듣거나 읽는다. [4영01-09] 시, 노래, 이야기를 공감하며 듣는다. [4영01-10] 자기 주변 주제나 문화에 관한 담화나 문장을 존중의 태도로 듣거나 읽는다. [4영02-01] 쉽고 간단한 단어, 어구, 문장을 강세, 리듬, 억양에 맞게 따라 말한다. [4영02-08] 자기 주변 주제에 관한 담화의 주요 정보를 묻거나 답한다. [4영02-09] 적절한 매체나 전략을 활용하여 창의적으로 의미를 표현한다. [4영02-10] 의사소통 활동에 흥미와 자신감을 가지고 대화 예절을 지키며 참여한다."
3,7. What Color Is It?,색깔을 나타내는 단어 읽고 보고 쓰기,3,4,76~77,,,,,"[4영01-01] 알파벳과 쉽고 간단한 단어의 소리를 듣고 식별한다. [4영01-03] 쉽고 간단한 단어, 어구, 문장을 듣고 강세, 리듬, 억양을 식별한다. [4영01-04] 소리와 철자의 관계를 이해하며 쉽고 간단한 단어, 어구, 문장을 소리 내어 읽는다. [4영01-05] 쉽고 간단한 단어, 어구, 문장의 의미를 이해한다. [4영02-04] 실물, 그림, 동작 등을 보고 쉽고 간단한 문장으로 말하거나 단어나 어구를 쓴다. [4영02-05] 자신, 주변 사람이나 사물의 소개나 묘사를 쉽고 간단한 문장으로 말하거나 보고 쓴다."
4,7. What Color Is It?,이 단원에서 학습한 내용 정리하기,4,4,78~79,,,,,"[4영01-01] 알파벳과 쉽고 간단한 단어의 소리를 듣고 식별한다. [4영01-03] 쉽고 간단한 단어, 어구, 문장을 듣고 강세, 리듬, 억양을 식별한다. [4영01-04] 소리와 철자의 관계를 이해하며 쉽고 간단한 단어, 어구, 문장을 소리 내어 읽는다. [4영01-05] 쉽고 간단한 단어, 어구, 문장의 의미를 이해한다. [4영02-04] 실물, 그림, 동작 등을 보고 쉽고 간단한 문장으로 말하거나 단어나 어구를 쓴다. [4영02-05] 자신, 주변 사람이나 사물의 소개나 묘사를 쉽고 간단한 문장으로 말하거나 보고 쓴다."
5,8. I Like Apples,과일과 채소를 좋아하는지 묻고 답하는 말을 듣고 이해하며 말하기,1,4,80~81,,,,,"[4영01-06] 자기 주변 주제에 관한 담화의 주요 정보를 파악한다. [4영01-07] 적절한 전략을 활용하여 담화나 문장을 듣거나 읽는다. [4영01-08] 다양한 매체로 표현된 담화나 문장을 흥미를 가지고 듣거나 읽는다. [4영01-09] 시, 노래, 이야기를 공감하며 듣는다. [4영01-10] 자기 주변 주제나 문화에 관한 담화나 문장을 존중의 태도로 듣거나 읽는다. [4영02-08] 자기 주변 주제에 관한 담화의 주요 정보를 묻거나 답한다. [4영02-09] 적절한 매체나 전략을 활용하여 창의적으로 의미를 표현한다. [4영02-10] 의사소통 활동에 흥미와 자신감을 가지고 대화 예절을 지키며 참여한다."
6,8. I Like Apples,과일과 채소를 좋아하는지 묻고 답하는 말하기,2,4,82~83,,,,,"[4영01-06] 자기 주변 주제에 관한 담화의 주요 정보를 파악한다. [4영01-07] 적절한 전략을 활용하여 담화나 문장을 듣거나 읽는다. [4영01-08] 다양한 매체로 표현된 담화나 문장을 흥미를 가지고 듣거나 읽는다. [4영01-09] 시, 노래, 이야기를 공감하며 듣는다. [4영01-10] 자기 주변 주제나 문화에 관한 담화나 문장을 존중의 태도로 듣거나 읽는다. [4영02-08] 자기 주변 주제에 관한 담화의 주요 정보를 묻거나 답한다. [4영02-09] 적절한 매체나 전략을 활용하여 창의적으로 의미를 표현한다. [4영02-10] 의사소통 활동에 흥미와 자신감을 가지고 대화 예절을 지키며 참여한다."
7,8. I Like Apples,과일과 채소를 나타내는 단어 읽고 보고 쓰기,3,4,84~85,,,,,"[4영01-01] 알파벳과 쉽고 간단한 단어의 소리를 듣고 식별한다. [4영01-03] 쉽고 간단한 단어, 어구, 문장을 듣고 강세, 리듬, 억양을 식별한다. [4영01-04] 소리와 철자의 관계를 이해하며 쉽고 간단한 단어, 어구, 문장을 소리 내어 읽는다. [4영01-05] 쉽고 간단한 단어, 어구, 문장의 의미를 이해한다. [4영02-01] 쉽고 간단한 단어, 어구, 문장을 강세, 리듬, 억양에 맞게 따라 말한다. [4영02-04] 실물, 그림, 동작 등을 보고 쉽고 간단한 문장으로 말하거나 단어나 어구를 쓴다."
8,8. I Like Apples,이 단원에서 학습한 내용 정리하기,4,4,86~87,,,,,"[4영01-01] 알파벳과 쉽고 간단한 단어의 소리를 듣고 식별한다. [4영01-03] 쉽고 간단한 단어, 어구, 문장을 듣고 강세, 리듬, 억양을 식별한다. [4영01-04] 소리와 철자의 관계를 이해하며 쉽고 간단한 단어, 어구, 문장을 소리 내어 읽는다. [4영01-05] 쉽고 간단한 단어, 어구, 문장의 의미를 이해한다. [4영02-01] 쉽고 간단한 단어, 어구, 문장을 강세, 리듬, 억양에 맞게 따라 말한다. [4영02-04] 실물, 그림, 동작 등을 보고 쉽고 간단한 문장으로 말하거나 단어나 어구를 쓴다."
9,Special 4,"국기 색깔에 담긴 뜻을 알아보고, 다양한 문화 이해하기",1,2,88,,,,,
10,Special 4,친구들과 ‘그림 시 만들기’를 하며 배운 내용 복습하기,2,2,89,,"종이, 색연필, 사인펜",,,
11,"9. Wow, It’s Big!",동물과 식물을 묘사하는 말을 듣고 이해하며 말하기,1,4,90~91,,,,,"[4영01-06] 자기 주변 주제에 관한 담화의 주요 정보를 파악한다. [4영01-07] 적절한 전략을 활용하여 담화나 문장을 듣거나 읽는다. [4영01-08] 다양한 매체로 표현된 담화나 문장을 흥미를 가지고 듣거나 읽는다. [4영01-09] 시, 노래, 이야기를 공감하며 듣는다. [4영01-10] 자기 주변 주제나 문화에 관한 담화나 문장을 존중의 태도로 듣거나 읽는다. [4영02-08] 자기 주변 주제에 관한 담화의 주요 정보를 묻거나 답한다. [4영02-09] 적절한 매체나 전략을 활용하여 창의적으로 의미를 표현한다. [4영02-10] 의사소통 활동에 흥미와 자신감을 가지고 대화 예절을 지키며 참여한다."
12,"9. Wow, It’s Big!",동물과 식물을 묘사하는 말을 할 수 있는,2,4,92~93,,,,,"[4영01-06] 자기 주변 주제에 관한 담화의 주요 정보를 파악한다. [4영01-07] 적절한 전략을 활용하여 담화나 문장을 듣거나 읽는다. [4영01-08] 다양한 매체로 표현된 담화나 문장을 흥미를 가지고 듣거나 읽는다. [4영01-09] 시, 노래, 이야기를 공감하며 듣는다. [4영01-10] 자기 주변 주제나 문화에 관한 담화나 문장을 존중의 태도로 듣거나 읽는다. [4영02-08] 자기 주변 주제에 관한 담화의 주요 정보를 묻거나 답한다. [4영02-09] 적절한 매체나 전략을 활용하여 창의적으로 의미를 표현한다. [4영02-10] 의사소통 활동에 흥미와 자신감을 가지고 대화 예절을 지키며 참여한다."
13,"9. Wow, It’s Big!",묘사하는 단어 읽고 보고 쓰기,3,4,94~95,,,,,"[4영01-01] 알파벳과 쉽고 간단한 단어의 소리를 듣고 식별한다. [4영01-03] 쉽고 간단한 단어, 어구, 문장을 듣고 강세, 리듬, 억양을 식별한다. [4영01-04] 소리와 철자의 관계를 이해하며 쉽고 간단한 단어, 어구, 문장을 소리 내어 읽는다. [4영01-05] 쉽고 간단한 단어, 어구, 문장의 의미를 이해한다. [4영02-01] 쉽고 간단한 단어, 어구, 문장을 강세, 리듬, 억양에 맞게 따라 말한다. [4영02-04] 실물, 그림, 동작 등을 보고 쉽고 간단한 문장으로 말하거나 단어나 어구를 쓴다. [4영02-05] 자신, 주변 사람이나 사물의 소개나 묘사를 쉽고 간단한 문장으로 말하거나 보고 쓴다."
14,"9. Wow, It’s Big!",이 단원에서 학습한 내용 정리하기,4,4,96~97,,,,,"[4영01-01] 알파벳과 쉽고 간단한 단어의 소리를 듣고 식별한다. [4영01-03] 쉽고 간단한 단어, 어구, 문장을 듣고 강세, 리듬, 억양을 식별한다. [4영01-04] 소리와 철자의 관계를 이해하며 쉽고 간단한 단어, 어구, 문장을 소리 내어 읽는다. [4영01-05] 쉽고 간단한 단어, 어구, 문장의 의미를 이해한다. [4영02-01] 쉽고 간단한 단어, 어구, 문장을 강세, 리듬, 억양에 맞게 따라 말한다. [4영02-04] 실물, 그림, 동작 등을 보고 쉽고 간단한 문장으로 말하거나 단어나 어구를 쓴다. [4영02-05] 자신, 주변 사람이나 사물의 소개나 묘사를 쉽고 간단한 문장으로 말하거나 보고 쓴다."
15,10. Can You Jump?,할 수 있는 것을 묻고 답하는 말을 듣고 이해하며 말하기,1,4,98~99,,,,,"[4영01-06] 자기 주변 주제에 관한 담화의 주요 정보를 파악한다. [4영01-07] 적절한 전략을 활용하여 담화나 문장을 듣거나 읽는다. [4영01-08] 다양한 매체로 표현된 담화나 문장을 흥미를 가지고 듣거나 읽는다. [4영01-09] 시, 노래, 이야기를 공감하며 듣는다. [4영01-10] 자기 주변 주제나 문화에 관한 담화나 문장을 존중의 태도로 듣거나 읽는다. [4영02-08] 자기 주변 주제에 관한 담화의 주요 정보를 묻거나 답한다. [4영02-09] 적절한 매체나 전략을 활용하여 창의적으로 의미를 표현한다. [4영02-10] 의사소통 활동에 흥미와 자신감을 가지고 대화 예절을 지키며 참여한다."
16,10. Can You Jump?,할 수 있는 것을 묻고 답하는 말하기,2,4,100~101,,,,,"[4영01-06] 자기 주변 주제에 관한 담화의 주요 정보를 파악한다. [4영01-07] 적절한 전략을 활용하여 담화나 문장을 듣거나 읽는다. [4영01-08] 다양한 매체로 표현된 담화나 문장을 흥미를 가지고 듣거나 읽는다. [4영01-09] 시, 노래, 이야기를 공감하며 듣는다. [4영01-10] 자기 주변 주제나 문화에 관한 담화나 문장을 존중의 태도로 듣거나 읽는다. [4영02-08] 자기 주변 주제에 관한 담화의 주요 정보를 묻거나 답한다. [4영02-09] 적절한 매체나 전략을 활용하여 창의적으로 의미를 표현한다. [4영02-10] 의사소통 활동에 흥미와 자신감을 가지고 대화 예절을 지키며 참여한다."
17,10. Can You Jump?,활동을 나타내는 단어 읽고 보고 쓰기,3,4,102~103,,,,,"[4영01-01] 알파벳과 쉽고 간단한 단어의 소리를 듣고 식별한다. [4영01-03] 쉽고 간단한 단어, 어구, 문장을 듣고 강세, 리듬, 억양을 식별한다. [4영01-04] 소리와 철자의 관계를 이해하며 쉽고 간단한 단어, 어구, 문장을 소리 내어 읽는다. [4영01-05] 쉽고 간단한 단어, 어구, 문장의 의미를 이해한다. [4영02-01] 쉽고 간단한 단어, 어구, 문장을 강세, 리듬, 억양에 맞게 따라 말한다. [4영02-04] 실물, 그림, 동작 등을 보고 쉽고 간단한 문장으로 말하거나 단어나 어구를 쓴다."
18,10. Can You Jump?,이 단원에서 학습한 내용 정리하기,4,4,104~105,,,,,"[4영01-01] 알파벳과 쉽고 간단한 단어의 소리를 듣고 식별한다. [4영01-03] 쉽고 간단한 단어, 어구, 문장을 듣고 강세, 리듬, 억양을 식별한다. [4영01-04] 소리와 철자의 관계를 이해하며 쉽고 간단한 단어, 어구, 문장을 소리 내어 읽는다. [4영01-05] 쉽고 간단한 단어, 어구, 문장의 의미를 이해한다. [4영02-01] 쉽고 간단한 단어, 어구, 문장을 강세, 리듬, 억양에 맞게 따라 말한다. [4영02-04] 실물, 그림, 동작 등을 보고 쉽고 간단한 문장으로 말하거나 단어나 어구를 쓴다."
19,Special 5,"각‌나라를‌대표하는‌동물을‌알아보고,‌다양한‌문화 이해하기",1,2,106,,,,,
20,Special 5,친구들과‌‘학급‌미니‌올림픽‌하기’를‌하며‌배운 내용 복습하기,2,2,107,,초시계,,,
21,11. He’s My Dad,누구인지 묻고 답하는 말을 듣고 이해하며 말하기,1,4,108~109,,,,,"[4영01-06] 자기 주변 주제에 관한 담화의 주요 정보를 파악한다. [4영01-07] 적절한 전략을 활용하여 담화나 문장을 듣거나 읽는다. [4영01-08] 다양한 매체로 표현된 담화나 문장을 흥미를 가지고 듣거나 읽는다. [4영01-09] 시, 노래, 이야기를 공감하며 듣는다. [4영01-10] 자기 주변 주제나 문화에 관한 담화나 문장을 존중의 태도로 듣거나 읽는다. [4영02-08] 자기 주변 주제에 관한 담화의 주요 정보를 묻거나 답한다. [4영02-09] 적절한 매체나 전략을 활용하여 창의적으로 의미를 표현한다. [4영02-10] 의사소통 활동에 흥미와 자신감을 가지고 대화 예절을 지키며 참여한다."
22,11. He’s My Dad,누구인지 묻고 답하는 말하기,2,4,110~111,,,,,"[4영01-06] 자기 주변 주제에 관한 담화의 주요 정보를 파악한다. [4영01-07] 적절한 전략을 활용하여 담화나 문장을 듣거나 읽는다. [4영01-08] 다양한 매체로 표현된 담화나 문장을 흥미를 가지고 듣거나 읽는다. [4영01-09] 시, 노래, 이야기를 공감하며 듣는다. [4영01-10] 자기 주변 주제나 문화에 관한 담화나 문장을 존중의 태도로 듣거나 읽는다. [4영02-08] 자기 주변 주제에 관한 담화의 주요 정보를 묻거나 답한다. [4영02-09] 적절한 매체나 전략을 활용하여 창의적으로 의미를 표현한다. [4영02-10] 의사소통 활동에 흥미와 자신감을 가지고 대화 예절을 지키며 참여한다."
23,11. He’s My Dad,식구를 나타내는 단어를 읽고 보고 쓰기,3,4,112~113,,,,,"[4영01-01] 알파벳과 쉽고 간단한 단어의 소리를 듣고 식별한다. [4영01-03] 쉽고 간단한 단어, 어구, 문장을 듣고 강세, 리듬, 억양을 식별한다. [4영01-04] 소리와 철자의 관계를 이해하며 쉽고 간단한 단어, 어구, 문장을 소리 내어 읽는다. [4영01-05] 쉽고 간단한 단어, 어구, 문장의 의미를 이해한다. [4영02-01] 쉽고 간단한 단어, 어구, 문장을 강세, 리듬, 억양에 맞게 따라 말한다. [4영02-04] 실물, 그림, 동작 등을 보고 쉽고 간단한 문장으로 말하거나 단어나 어구를 쓴다. [4영02-05] 자신, 주변 사람이나 사물의 소개나 묘사를 쉽고 간단한 문장으로 말하거나 보고 쓴다."
24,11. He’s My Dad,이 단원에서 학습한 내용 정리하기,4,4,114~115,,,,,"[4영01-01] 알파벳과 쉽고 간단한 단어의 소리를 듣고 식별한다. [4영01-03] 쉽고 간단한 단어, 어구, 문장을 듣고 강세, 리듬, 억양을 식별한다. [4영01-04] 소리와 철자의 관계를 이해하며 쉽고 간단한 단어, 어구, 문장을 소리 내어 읽는다. [4영01-05] 쉽고 간단한 단어, 어구, 문장의 의미를 이해한다. [4영02-01] 쉽고 간단한 단어, 어구, 문장을 강세, 리듬, 억양에 맞게 따라 말한다. [4영02-04] 실물, 그림, 동작 등을 보고 쉽고 간단한 문장으로 말하거나 단어나 어구를 쓴다. [4영02-05] 자신, 주변 사람이나 사물의 소개나 묘사를 쉽고 간단한 문장으로 말하거나 보고 쓴다."
25,12. How’s the Weather?,날씨를 묻고 답하는 말을 듣고 이해하며 말하기,1,4,116~117,,,,,"[4영01-06] 자기 주변 주제에 관한 담화의 주요 정보를 파악한다. [4영01-07] 적절한 전략을 활용하여 담화나 문장을 듣거나 읽는다. [4영01-08] 다양한 매체로 표현된 담화나 문장을 흥미를 가지고 듣거나 읽는다. [4영01-09] 시, 노래, 이야기를 공감하며 듣는다. [4영01-10] 자기 주변 주제나 문화에 관한 담화나 문장을 존중의 태도로 듣거나 읽는다. [4영02-01] 쉽고 간단한 단어, 어구, 문장을 강세, 리듬, 억양에 맞게 따라 말한다. [4영02-08] 자기 주변 주제에 관한 담화의 주요 정보를 묻거나 답한다. [4영02-09] 적절한 매체나 전략을 활용하여 창의적으로 의미를 표현한다. [4영02-10] 의사소통 활동에 흥미와 자신감을 가지고 대화 예절을 지키며 참여한다."
26,12. How’s the Weather?,날씨를 묻고 답하는 말하기,2,4,118~119,,,,,"[4영01-06] 자기 주변 주제에 관한 담화의 주요 정보를 파악한다. [4영01-07] 적절한 전략을 활용하여 담화나 문장을 듣거나 읽는다. [4영01-08] 다양한 매체로 표현된 담화나 문장을 흥미를 가지고 듣거나 읽는다. [4영01-09] 시, 노래, 이야기를 공감하며 듣는다. [4영01-10] 자기 주변 주제나 문화에 관한 담화나 문장을 존중의 태도로 듣거나 읽는다. [4영02-01] 쉽고 간단한 단어, 어구, 문장을 강세, 리듬, 억양에 맞게 따라 말한다. [4영02-08] 자기 주변 주제에 관한 담화의 주요 정보를 묻거나 답한다. [4영02-09] 적절한 매체나 전략을 활용하여 창의적으로 의미를 표현한다. [4영02-10] 의사소통 활동에 흥미와 자신감을 가지고 대화 예절을 지키며 참여한다."
27,12. How’s the Weather?,날씨를 나타내는 단어 읽고 보고 쓰기,3,4,120~121,,,,,"[4영01-01] 알파벳과 쉽고 간단한 단어의 소리를 듣고 식별한다. [4영01-03] 쉽고 간단한 단어, 어구, 문장을 듣고 강세, 리듬, 억양을 식별한다. [4영01-04] 소리와 철자의 관계를 이해하며 쉽고 간단한 단어, 어구, 문장을 소리 내어 읽는다. [4영01-05] 쉽고 간단한 단어, 어구, 문장의 의미를 이해한다. [4영02-04] 실물, 그림, 동작 등을 보고 쉽고 간단한 문장으로 말하거나 단어나 어구를 쓴다. [4영02-06] 행동 지시를 쉽고 간단한 문장으로 말하거나 보고 쓴다."
28,12. How’s the Weather?,이 단원에서 학습한 내용 정리하기,4,4,122~123,,,,,"[4영01-01] 알파벳과 쉽고 간단한 단어의 소리를 듣고 식별한다. [4영01-03] 쉽고 간단한 단어, 어구, 문장을 듣고 강세, 리듬, 억양을 식별한다. [4영01-04] 소리와 철자의 관계를 이해하며 쉽고 간단한 단어, 어구, 문장을 소리 내어 읽는다. [4영01-05] 쉽고 간단한 단어, 어구, 문장의 의미를 이해한다. [4영02-04] 실물, 그림, 동작 등을 보고 쉽고 간단한 문장으로 말하거나 단어나 어구를 쓴다. [4영02-06] 행동 지시를 쉽고 간단한 문장으로 말하거나 보고 쓴다."
29,Special 6,"다른‌나라의‌날씨를‌알아보고,‌다양한‌문화 이해하기",1,2,124,,"태블릿 컴퓨터, 종이, 색연필",,,
30,Special 6,친구들과‌역할극을‌하며‌배운 내용 복습하기,2,2,125,,역할극 소품,,,
31,Review,‘Aa’부터‘Zz’까지 소리를 식별하여 말하며 배운 내용 정리하기,1,1,126~127,,,,,
